{
    "wf.reference": "gs://griffith-lab-cromwell/input_data/maruska/2021-05-10/somatic_inputs/hla_and_brca_genes.fa",
    "wf.reference_fai": "gs://griffith-lab-cromwell/input_data/maruska/2021-05-10/somatic_inputs/hla_and_brca_genes.fa.fai",
    "wf.reference_dict": "gs://griffith-lab-cromwell/input_data/maruska/2021-05-10/somatic_inputs/hla_and_brca_genes.dict",
    "wf.bam": "gs://griffith-lab-cromwell/cromwell-executions/wf/d0529ca6-8066-44ac-8eb8-cd897aacb1ad/call-markDuplicatesAndSort/MarkedSorted.bam",
    "wf.bam_bai": "gs://griffith-lab-cromwell/cromwell-executions/wf/d0529ca6-8066-44ac-8eb8-cd897aacb1ad/call-markDuplicatesAndSort/MarkedSorted.bam.bai",
    "wf.known_sites": [
        "gs://griffith-lab-cromwell/input_data/maruska/2021-04-26/somatic_inputs/hla_and_brca_genes_omni.vcf.gz",
        "gs://griffith-lab-cromwell/input_data/maruska/2021-04-26/somatic_inputs/hla_and_brca_genes_dbsnp.vcf.gz",
        "gs://griffith-lab-cromwell/input_data/maruska/2021-04-26/somatic_inputs/hla_and_brca_genes_mills.vcf.gz",
        "gs://griffith-lab-cromwell/input_data/maruska/2021-04-26/somatic_inputs/hla_and_brca_genes_known_indels.vcf.gz"
    ],
    "wf.known_sites_tbi": [
        "gs://griffith-lab-cromwell/input_data/maruska/2021-04-26/somatic_inputs/hla_and_brca_genes_omni.vcf.gz.tbi",
        "gs://griffith-lab-cromwell/input_data/maruska/2021-04-26/somatic_inputs/hla_and_brca_genes_dbsnp.vcf.gz.tbi",
        "gs://griffith-lab-cromwell/input_data/maruska/2021-04-26/somatic_inputs/hla_and_brca_genes_mills.vcf.gz.tbi",
        "gs://griffith-lab-cromwell/input_data/maruska/2021-04-26/somatic_inputs/hla_and_brca_genes_known_indels.vcf.gz.tbi"
    ],
    "wf.intervals": ["chr6", "chr17"]
}
