{
    "wf.unaligned": {
        "sequence": {"bam": "gs://griffith-lab-cromwell/input_data/2021-04-15/gc2560/core/instrument_data/2895499223/csf_150397219/gerald_H7HY2CCXX_3_ATCACGGT.bam"},
        "readgroup": "@RG\tID:2895499223\tPU:H7HY2CCXX.3.ATCACGGT\tSM:H_NJ-HCC1395-HCC1395\tLB:H_NJ-HCC1395-HCC1395-lg24-lib1\tPL:Illumina\tCN:WUGSC"
    },
    "wf.reference": "gs://griffith-lab-cromwell/input_data/maruska/2021-05-10/somatic_inputs/hla_and_brca_genes.fa",
    "wf.reference_alt": "gs://griffith-lab-cromwell/input_data/maruska/2021-05-10/somatic_inputs/hla_and_brca_genes.fa.alt",
    "wf.reference_amb": "gs://griffith-lab-cromwell/input_data/maruska/2021-05-10/somatic_inputs/hla_and_brca_genes.fa.amb",
    "wf.reference_ann": "gs://griffith-lab-cromwell/input_data/maruska/2021-05-10/somatic_inputs/hla_and_brca_genes.fa.ann",
    "wf.reference_bwt": "gs://griffith-lab-cromwell/input_data/maruska/2021-05-10/somatic_inputs/hla_and_brca_genes.fa.bwt",
    "wf.reference_pac": "gs://griffith-lab-cromwell/input_data/maruska/2021-05-10/somatic_inputs/hla_and_brca_genes.fa.pac",
    "wf.reference_sa": "gs://griffith-lab-cromwell/input_data/maruska/2021-05-10/somatic_inputs/hla_and_brca_genes.fa.sa"
}
